Time (%),Total Time (ns),Instances,Avg (ns),Med (ns),Min (ns),Max (ns),StdDev (ns),Name
13.1,6677405,181,36891.7,36256.0,12672,54048,3363.8,cutlass3x_sm100_tensorop_s128x128x32gemm_f8_f8_f32_f16_f16_128x128x128_0_tnn_align16_1sm_bias_f16_relu_valpha_vbeta
7.2,3683840,17,216696.5,214176.0,209056,258752,11440.5,cutlass3x_sm100_bstensorop_s128x128x64gemm_block_scaled_ue4m3xf4_ue4m3xf4_f32_f16_f16_128x128x256_0_tnn_align32_o_vs16_1sm_bias_f16_gelu
7.1,3635808,17,213871.1,214304.0,206560,221120,4188.2,cutlass3x_sm100_bstensorop_s128x128x64gemm_block_scaled_ue4m3xf4_ue4m3xf4_f32_f16_f16_128x128x256_0_tnn_align32_o_vs16_1sm_bias_f16_relu
7.1,3626496,180,20147.2,19728.0,19008,29568,1574.8,__myl_Fc_0xfd463dcc78cc39be96e17ab1952322e9_tensorop64x128_cga1x1_sm1_acc_float_tile_k_count_4_gemm_810_0
5.1,2621568,61,42976.5,41888.0,19648,79232,17247.1,cutlass3x_sm100_tensorop_s128x256x32gemm_f8_f8_f32_f16_f16_128x256x128_0_tnn_align16_1sm_bias_f16_relu_valpha_vbeta
4.3,2201277,180,12229.3,11712.0,11232,23712,1927.2,__myl_Fc_0x04a99b6160b58c6d7039d6c422e9253c_tensorop64x128_cga1x1_sm1_acc_float_tile_k_count_4_gemm_809_0
4.0,2025440,17,119143.5,117632.0,115296,132672,4754.7,cutlass3x_sm100_bstensorop_s256x256x64gemm_block_scaled_ue4m3xf4_ue4m3xf4_f32_f16_f16_256x256x256_0_tnn_align32_o_vs16_2sm_bias_f16_relu
2.9,1480256,16,92516.0,92448.0,90880,95296,1100.2,__myl_MulCastAddMaxrSubExpSumDivMulCastCastMulCast_0x79037174a27b87ac28665bc6398aeaa9_com_vec
2.0,1016320,27,37641.5,37344.0,36384,40544,979.6,cutlass3x_sm100_tensorop_s128x128x32gemm_f8_f8_f32_e4m3_e4m3_128x128x128_0_tnn_align16_1sm_bias_f32_gelu_valpha_vbeta
1.9,959008,27,35518.8,34592.0,28704,49760,3965.7,cutlass3x_sm100_tensorop_s256x256x32gemm_f8_f8_f32_f16_f16_256x256x128_0_tnn_align16_2sm_bias_f16_relu_valpha_vbeta
1.8,906752,350,2590.7,2208.0,1952,15072,1650.1,__myl_AddCastMulMeanAddSqrtDivMulMulAddCastMulCast_0x7430c21ebec3947f375293146d264016_com_vec
1.5,791424,180,4396.8,4128.0,4000,12192,913.4,sm80_xmma_gemm_f16f16_f16f32_f32_nn_n_tilesize32x32x64_stage6_warpsize2x2x1_tensor16x8x16_aligna4_alignc4_execute_kernel_trt
1.5,774399,170,4555.3,4128.0,3872,12576,1487.0,__myl_MulCastAddMulCastAddConcMaxrSubExpSum_0x7dcba23b6aa62356d62f8b8bf2cb52a3_com
1.3,690496,104,6639.4,6304.0,5888,16544,1439.5,__myl_MoveReplConcReshReshMove_0xee76bd16c5f79327c920d3b7df1000a1_com_vec
1.3,662464,52,12739.7,12432.0,11648,19232,1383.9,__myl_AddCastMeanSubMulMeanAddSqrtDivMulCastMulAddMulCast_0x8c318352ff148fba5852a58d78e5690b_com_vec
1.3,657143,180,3650.8,3072.0,2816,14528,2037.0,__myl_DivMulCastCastMulCastReshReshSlicSlic_0xcf32dcd58f96d365769dde8462ae050b_com_vec
1.2,615936,180,3421.9,3168.0,3072,12704,1085.2,sm80_xmma_gemm_f16f16_f16f32_f32_nn_n_tilesize64x32x64_stage5_warpsize2x2x1_tensor16x8x16_aligna4_alignc4_execute_kernel_trt
1.2,604768,17,35574.6,35296.0,34880,37728,742.1,__myl_MoveReplConcReshReshMove_0x395dd64c739d7efa2fcc4b430a50d305_com_vec
0.7,354080,180,1967.1,1568.0,1376,11712,1628.1,__myl_SlicSlicMulMulMulAddMulTanhAddMulMulMulMulCast_0xd5df12e89810a5ec2908bb0468b7f185_com_vec
0.7,350272,17,20604.2,20096.0,18592,28448,2337.3,__myl_TranResh_0x434431b9dc05f38906820d4b06628b04_com_vec
0.7,342848,13,26372.9,26144.0,24192,29248,1275.3,"void at::native::<unnamed>::CatArrayBatchedCopy_alignedK_contig<at::native::<unnamed>::OpaqueType<(unsigned int)4>, unsigned int, (int)4, (int)128, (int)1, (int)16>(T1 *, at::native::<unnamed>::CatArrInputTensorMetadata<T1, T2, T4, T5>, at::native::<unnamed>::TensorSizeStride<T2, (unsigned int)4>, int, T2)"
0.6,317536,26,12212.9,12144.0,11648,13312,460.3,cutlass3x_sm100_tensorop_s256x128x32gemm_f8_f8_f32_f16_f16_256x128x128_0_tnn_align16_2sm_bias_f16_relu_valpha_vbeta
0.6,307104,170,1806.5,1536.0,1248,14816,1305.7,__myl_SlicReshTranSlicNegSlicConcMulMulAddCastMulCast_0xea56bf3fd1c0d7d89f85ebd5c019c66c_com_vec
0.6,303482,170,1785.2,1504.0,1184,14016,1344.7,__myl_SlicReshSlicNegSlicConcMulMulAddTran_0xf9429cdc6f8bda085eda64b5dcaf78e0_com
0.6,301088,1,301088.0,301088.0,301088,301088,0.0,__myl_MulReshDyna_cuda_tile_0x680459121debdffa35476476e3423013
0.6,300736,1,300736.0,300736.0,300736,300736,0.0,__myl_MulReshDyna_cuda_tile_0xa410379a78bfb3ecf367dd2e4bead8ac
0.6,296960,180,1649.8,1104.0,1056,12064,1739.7,__myl_Slic_0xe62c925ac97e295891ed1c7af3925d0a_com
0.6,294816,1,294816.0,294816.0,294816,294816,0.0,__myl_MulReshDyna_cuda_tile_0xfa33bd8915b27155221d71cc54127a2e
0.6,289120,1,289120.0,289120.0,289120,289120,0.0,__myl_MulReshDyna_cuda_tile_0xd7a3d9f959dc2bfcd24ef7c110cad7d1
0.6,285056,1,285056.0,285056.0,285056,285056,0.0,__myl_MulReshDyna_cuda_tile_0xea4f68294dd3fc232a6dca522483e349
0.6,284448,1,284448.0,284448.0,284448,284448,0.0,__myl_MulReshDyna_cuda_tile_0x42344e1bc4a1ddbefcfd3910051953c0
0.6,284096,1,284096.0,284096.0,284096,284096,0.0,__myl_MulReshDyna_cuda_tile_0x70bc77b45acf7c8f549a688a82b40da4
0.6,284064,1,284064.0,284064.0,284064,284064,0.0,__myl_MulReshDyna_cuda_tile_0xd3bc768b702fe012df349841e1c72ba5
0.6,283488,1,283488.0,283488.0,283488,283488,0.0,__myl_MulReshDyna_cuda_tile_0xca871ea20018552aea6d88b1c6640fc9
0.6,283392,1,283392.0,283392.0,283392,283392,0.0,__myl_MulReshDyna_cuda_tile_0x915ae79d8d991894fa294be74eb6f22e
0.6,283232,1,283232.0,283232.0,283232,283232,0.0,__myl_MulReshDyna_cuda_tile_0xdbf4231e4c0015a0149516584c232a34
0.6,283104,1,283104.0,283104.0,283104,283104,0.0,__myl_MulReshDyna_cuda_tile_0xf4c83a53c7414579496e26d8427a0a72
0.6,282976,1,282976.0,282976.0,282976,282976,0.0,__myl_MulReshDyna_cuda_tile_0x56b99ff7e642dc09ad3b6b6791346bc4
0.6,282208,1,282208.0,282208.0,282208,282208,0.0,__myl_MulReshDyna_cuda_tile_0x0edba40dd520960243083a1e1f39fd9f
0.6,282016,1,282016.0,282016.0,282016,282016,0.0,__myl_MulReshDyna_cuda_tile_0xbadfebe8c33998987486ca4c1921aaf3
0.5,281120,1,281120.0,281120.0,281120,281120,0.0,__myl_MulReshDyna_cuda_tile_0xbce3b129cd34da6d37d961bd55f47479
0.5,280224,1,280224.0,280224.0,280224,280224,0.0,__myl_MulReshDyna_cuda_tile_0x215000aaf3e15afa367bfb5746e0a715
0.5,266848,180,1482.5,1216.0,1120,10336,977.2,__myl_AddMulCastReshTran_0xf7e2b434b541645892ba84e278dad6f5_com_vec
0.5,258592,39,6630.6,5920.0,4544,22048,3222.0,"void at::native::unrolled_elementwise_kernel<at::native::direct_copy_kernel_cuda(at::TensorIteratorBase &)::[lambda() (instance 3)]::operator ()() const::[lambda() (instance 7)]::operator ()() const::[lambda(float) (instance 1)], std::array<char *, (unsigned long)2>, (int)4, TrivialOffsetCalculator<(int)1, unsigned int>, TrivialOffsetCalculator<(int)1, unsigned int>, at::native::memory::LoadWithCast<(int)1>, at::native::memory::StoreWithCast<(int)1>>(int, T1, T2, T4, T5, T6, T7)"
0.4,216576,18,12032.0,11360.0,11168,19904,2134.0,__myl_CastMulCastResh_0x221c2f4f2fd9fe7ac3e381664bd11026_com
0.4,214848,16,13428.0,13088.0,12064,15296,1263.1,__myl_TranSlicNegSlicConcMulMulAddCastMulCast_0x09616a8dea602c58d61f5dc473361676_com_vec
0.3,158976,1,158976.0,158976.0,158976,158976,0.0,__myl_EqlLtOrReshAndAndReshSeleMulCastAddMaxrSubExpSumDivMulCastCastMulCast_0x9a39839ba4e86c89c34066036aed21ed_com
0.3,154720,10,15472.0,14192.0,13920,24256,3206.2,__myl_Fc_0x81f9d02d484f347870afaaa83bcd9f7c_tensorop64x128_cga1x1_sm1_acc_float_tile_k_count_4_gemm_811_0
0.3,148992,10,14899.2,13856.0,13536,19776,2134.3,__myl_Fc_0x81f9d02d484f347870afaaa83bcd9f7c_tensorop64x128_cga1x1_sm1_acc_float_tile_k_count_4_gemm_882_0
0.3,148256,10,14825.6,13552.0,13344,25632,3811.0,__myl_Fc_0x81f9d02d484f347870afaaa83bcd9f7c_tensorop64x128_cga1x1_sm1_acc_float_tile_k_count_4_gemm_828_0
0.3,147712,10,14771.2,13760.0,13472,23680,3137.9,__myl_Fc_0x81f9d02d484f347870afaaa83bcd9f7c_tensorop64x128_cga1x1_sm1_acc_float_tile_k_count_4_gemm_846_0
0.3,147263,10,14726.3,13920.0,13632,19552,1828.1,__myl_Fc_0x81f9d02d484f347870afaaa83bcd9f7c_tensorop64x128_cga1x1_sm1_acc_float_tile_k_count_4_gemm_927_0
0.3,146848,10,14684.8,13696.0,13600,23584,3127.7,__myl_Fc_0x81f9d02d484f347870afaaa83bcd9f7c_tensorop64x128_cga1x1_sm1_acc_float_tile_k_count_4_gemm_900_0
0.3,144928,10,14492.8,13712.0,13504,17984,1599.9,__myl_Fc_0x81f9d02d484f347870afaaa83bcd9f7c_tensorop64x128_cga1x1_sm1_acc_float_tile_k_count_4_gemm_918_0
0.3,140768,10,14076.8,13744.0,13536,15712,717.8,__myl_Fc_0x81f9d02d484f347870afaaa83bcd9f7c_tensorop64x128_cga1x1_sm1_acc_float_tile_k_count_4_gemm_819_0
0.3,139615,10,13961.5,13568.0,13440,16416,972.0,__myl_Fc_0x81f9d02d484f347870afaaa83bcd9f7c_tensorop64x128_cga1x1_sm1_acc_float_tile_k_count_4_gemm_864_0
0.3,139264,10,13926.4,13696.0,13600,15168,504.3,__myl_Fc_0x81f9d02d484f347870afaaa83bcd9f7c_tensorop64x128_cga1x1_sm1_acc_float_tile_k_count_4_gemm_873_0
0.3,138912,10,13891.2,13696.0,13504,15264,528.9,__myl_Fc_0x81f9d02d484f347870afaaa83bcd9f7c_tensorop64x128_cga1x1_sm1_acc_float_tile_k_count_4_gemm_837_0
0.3,138368,10,13836.8,13712.0,13376,14976,481.1,__myl_Fc_0x81f9d02d484f347870afaaa83bcd9f7c_tensorop64x128_cga1x1_sm1_acc_float_tile_k_count_4_gemm_801_0
0.3,137920,10,13792.0,13616.0,13312,15040,499.2,__myl_Fc_0x81f9d02d484f347870afaaa83bcd9f7c_tensorop64x128_cga1x1_sm1_acc_float_tile_k_count_4_gemm_909_0
0.3,136992,10,13699.2,13536.0,13376,15424,613.2,__myl_Fc_0x81f9d02d484f347870afaaa83bcd9f7c_tensorop64x128_cga1x1_sm1_acc_float_tile_k_count_4_gemm_954_0
0.3,136863,10,13686.3,13584.0,13344,14944,468.4,__myl_Fc_0x81f9d02d484f347870afaaa83bcd9f7c_tensorop64x128_cga1x1_sm1_acc_float_tile_k_count_4_gemm_936_0
0.3,136862,10,13686.2,13695.0,13440,14208,215.5,__myl_Fc_0x81f9d02d484f347870afaaa83bcd9f7c_tensorop64x128_cga1x1_sm1_acc_float_tile_k_count_4_gemm_855_0
0.3,136288,10,13628.8,13664.0,13408,13824,136.1,__myl_Fc_0x81f9d02d484f347870afaaa83bcd9f7c_tensorop64x128_cga1x1_sm1_acc_float_tile_k_count_4_gemm_891_0
0.3,135904,10,13590.4,13456.0,13312,14880,472.2,__myl_Fc_0x81f9d02d484f347870afaaa83bcd9f7c_tensorop64x128_cga1x1_sm1_acc_float_tile_k_count_4_gemm_945_0
0.2,120960,13,9304.6,8352.0,8224,12608,1654.2,"void at::native::elementwise_kernel<(int)128, (int)4, void at::native::gpu_kernel_impl_nocast<at::native::direct_copy_kernel_cuda(at::TensorIteratorBase &)::[lambda() (instance 3)]::operator ()() const::[lambda() (instance 10)]::operator ()() const::[lambda(c10::Half) (instance 1)]>(at::TensorIteratorBase &, const T1 &)::[lambda(int) (instance 1)]>(int, T3)"
0.2,113024,17,6648.5,6528.0,6080,7968,475.9,__myl_SlicNegSlicConcMulMulAddCastMulCastTran_0x35d4c774656c9ecb4f58becd3c9d43a8_com_vec
0.2,103008,1,103008.0,103008.0,103008,103008,0.0,sm80_xmma_fprop_implicit_gemm_indexed_wo_smem_f16f16_f16f16_f16_nhwckrsc_nhwc_tilesize128x32x64_stage1_warpsize4x1x1_g1_tensor16x8x16_aligna8_alignc4_execute_kernel_trt
0.2,95136,39,2439.4,1824.0,1760,11392,1791.3,"void at::native::vectorized_elementwise_kernel<(int)4, at::native::CUDAFunctorOnSelf_add<float>, std::array<char *, (unsigned long)2>>(int, T2, T3)"
0.2,86144,39,2208.8,1920.0,1792,5376,891.7,"void at::native::vectorized_elementwise_kernel<(int)4, at::native::AUnaryFunctor<float, float, float, at::native::binary_internal::MulFunctor<float>>, std::array<char *, (unsigned long)2>>(int, T2, T3)"
0.2,82272,39,2109.5,1888.0,1792,5440,640.5,"void at::native::vectorized_elementwise_kernel<(int)4, at::native::BUnaryFunctor<float, float, float, at::native::binary_internal::MulFunctor<float>>, std::array<char *, (unsigned long)2>>(int, T2, T3)"
0.2,77087,10,7708.7,6560.0,6464,16608,3153.1,__myl_SlicReplReshSeleMulCastAddMulCastAddConcMaxrSubExpSum_0x99de53638f9c2178cf742a0870c2f722_com
0.1,63616,1,63616.0,63616.0,63616,63616,0.0,_gemm_mha_v2_0xe91b1fc6a68655101c967c64bcaa7e51
0.1,63168,1,63168.0,63168.0,63168,63168,0.0,__myl_MoveMoveMulConcSinCosCastMoveReshCastMoveReshMulSlicNegSlicConcMulAddCastMulCastTranTranMulEtc_0x66163fe53e6743c291d0a6e1969e3453_com_vec
0.1,62368,52,1199.4,1056.0,992,5120,614.4,"void at::native::vectorized_elementwise_kernel<(int)4, at::native::FillFunctor<bool>, std::array<char *, (unsigned long)1>>(int, T2, T3)"
0.1,58048,10,5804.8,4672.0,4544,10176,2036.4,__myl_Fc_0x29b81c484bab894e4aff665b14f33e17_tensorop64x32_cga1x1_sm1_acc_float_tile_k_count_4_gemm_852_0
0.1,54368,1,54368.0,54368.0,54368,54368,0.0,_gemm_mha_v2_0x09ed73464403a18ba87aae1a79c40955
0.1,54176,1,54176.0,54176.0,54176,54176,0.0,_gemm_mha_v2_0x0479337b5a77b9021a6e0c6df758d9d0
0.1,54080,1,54080.0,54080.0,54080,54080,0.0,_gemm_mha_v2_0x544c8b13a383cf1534332d98ee6e1e9e
0.1,53504,1,53504.0,53504.0,53504,53504,0.0,_gemm_mha_v2_0x7d2c5ead66167fd0ffa13831888847c9
0.1,53280,1,53280.0,53280.0,53280,53280,0.0,_gemm_mha_v2_0x4a6a425cfd14ffd728222d5cce9318b8
0.1,53184,1,53184.0,53184.0,53184,53184,0.0,_gemm_mha_v2_0xf8e3e9e92ba615768dac9770648ec16c
0.1,53152,1,53152.0,53152.0,53152,53152,0.0,_gemm_mha_v2_0x2234748bde960172488bac8cb816deea
0.1,53152,1,53152.0,53152.0,53152,53152,0.0,_gemm_mha_v2_0x740c4b4990d1a6286ea8acdbc33d4966
0.1,53152,1,53152.0,53152.0,53152,53152,0.0,_gemm_mha_v2_0xc13348494c7ec933d00e25100a4188e8
0.1,53120,1,53120.0,53120.0,53120,53120,0.0,_gemm_mha_v2_0x51bd4a21313256db605c2e8f5c1cc900
0.1,53056,1,53056.0,53056.0,53056,53056,0.0,_gemm_mha_v2_0x86ab5a83b823a5a9ed850c62c545a439
0.1,53056,1,53056.0,53056.0,53056,53056,0.0,_gemm_mha_v2_0x996a08e1858c120b799b12f053f21b81
0.1,53056,1,53056.0,53056.0,53056,53056,0.0,_gemm_mha_v2_0x99f37724f82e4f7ddc86885eee23b14c
0.1,53024,1,53024.0,53024.0,53024,53024,0.0,_gemm_mha_v2_0x603630aa61b4745bfc70451ba43f9e76
0.1,52960,1,52960.0,52960.0,52960,52960,0.0,_gemm_mha_v2_0x039a3913d3185211ba99195458846b85
0.1,52960,1,52960.0,52960.0,52960,52960,0.0,_gemm_mha_v2_0xd70aad691157718e2c63a271cb8027e8
0.1,52896,1,52896.0,52896.0,52896,52896,0.0,_gemm_mha_v2_0x355463b5053dbbf8de2552b33f76e023
0.1,52864,1,52864.0,52864.0,52864,52864,0.0,_gemm_mha_v2_0xfb372948de95af3819019f40f41eb473
0.1,52736,1,52736.0,52736.0,52736,52736,0.0,_gemm_mha_v2_0x1c15dadd9c1862b6ba7cd17d2c2cfd0b
0.1,52704,1,52704.0,52704.0,52704,52704,0.0,_gemm_mha_v2_0x2d4d7383daac47e28f029a543a338218
0.1,52704,1,52704.0,52704.0,52704,52704,0.0,_gemm_mha_v2_0xbc5ac4651e60b1a918b63f7be4820c73
0.1,52704,1,52704.0,52704.0,52704,52704,0.0,_gemm_mha_v2_0xdbcca5f0526cdffce0eec22aa6937265
0.1,52672,1,52672.0,52672.0,52672,52672,0.0,_gemm_mha_v2_0x3aca488f6a81c1dfda5cf80d404c74c3
0.1,52672,1,52672.0,52672.0,52672,52672,0.0,_gemm_mha_v2_0x44cc9114f90c8a23268a35189ebeec09
0.1,52608,1,52608.0,52608.0,52608,52608,0.0,_gemm_mha_v2_0x548f7b0b1e512788c09c30d5cedac8e4
0.1,52576,1,52576.0,52576.0,52576,52576,0.0,_gemm_mha_v2_0xfc13bbdaf084c3a1d6ab1abd2a4e6f02
0.1,52576,10,5257.6,4512.0,4288,12000,2376.1,__myl_Fc_0xc2c16e331f89d521c04bf0c7f6d7cfb9_tensorop128x64_cga1x1_sm1_acc_float_tile_k_count_4_gemm_814_0
0.1,51712,10,5171.2,4096.0,4064,14080,3138.3,__myl_Fc_0xc2c16e331f89d521c04bf0c7f6d7cfb9_tensorop128x64_cga1x1_sm1_acc_float_tile_k_count_4_gemm_806_0
0.1,50848,13,3911.4,2784.0,2656,12864,2931.7,"void at::native::vectorized_elementwise_kernel<(int)4, at::native::float16_copy_kernel_cuda(at::TensorIteratorBase &)::[lambda(float) (instance 1)], std::array<char *, (unsigned long)2>>(int, T2, T3)"
0.1,49984,10,4998.4,4400.0,4256,9856,1719.0,__myl_Fc_0x29b81c484bab894e4aff665b14f33e17_tensorop64x32_cga1x1_sm1_acc_float_tile_k_count_4_gemm_843_0
0.1,49856,10,4985.6,4544.0,4384,8960,1400.5,__myl_Fc_0x29b81c484bab894e4aff665b14f33e17_tensorop64x32_cga1x1_sm1_acc_float_tile_k_count_4_gemm_933_0
0.1,49536,10,4953.6,4560.0,4320,8512,1269.4,__myl_Fc_0x29b81c484bab894e4aff665b14f33e17_tensorop64x32_cga1x1_sm1_acc_float_tile_k_count_4_gemm_906_0
0.1,48832,10,4883.2,4432.0,4192,8704,1360.2,__myl_Fc_0x29b81c484bab894e4aff665b14f33e17_tensorop64x32_cga1x1_sm1_acc_float_tile_k_count_4_gemm_861_0
0.1,48128,10,4812.8,4736.0,4128,6048,486.5,__myl_Fc_0x29b81c484bab894e4aff665b14f33e17_tensorop64x32_cga1x1_sm1_acc_float_tile_k_count_4_gemm_816_0
0.1,47775,10,4777.5,4640.0,4320,6464,617.0,__myl_Fc_0x29b81c484bab894e4aff665b14f33e17_tensorop64x32_cga1x1_sm1_acc_float_tile_k_count_4_gemm_897_0
0.1,46752,10,4675.2,4672.0,4480,4896,145.8,__myl_Fc_0x29b81c484bab894e4aff665b14f33e17_tensorop64x32_cga1x1_sm1_acc_float_tile_k_count_4_gemm_951_0
0.1,46240,10,4624.0,4640.0,4288,4864,186.1,__myl_Fc_0x29b81c484bab894e4aff665b14f33e17_tensorop64x32_cga1x1_sm1_acc_float_tile_k_count_4_gemm_870_0
0.1,46240,10,4624.0,4496.0,4320,5440,358.6,__myl_Fc_0x29b81c484bab894e4aff665b14f33e17_tensorop64x32_cga1x1_sm1_acc_float_tile_k_count_4_gemm_915_0
0.1,46112,10,4611.2,4608.0,4288,4992,213.6,__myl_Fc_0x29b81c484bab894e4aff665b14f33e17_tensorop64x32_cga1x1_sm1_acc_float_tile_k_count_4_gemm_888_0
0.1,46048,10,4604.8,4528.0,4352,5408,306.7,__myl_Fc_0x29b81c484bab894e4aff665b14f33e17_tensorop64x32_cga1x1_sm1_acc_float_tile_k_count_4_gemm_942_0
0.1,46015,10,4601.5,4224.0,4064,7039,924.3,__myl_Fc_0xc2c16e331f89d521c04bf0c7f6d7cfb9_tensorop128x64_cga1x1_sm1_acc_float_tile_k_count_4_gemm_886_0
0.1,45984,10,4598.4,4560.0,4384,5280,263.9,__myl_Fc_0x29b81c484bab894e4aff665b14f33e17_tensorop64x32_cga1x1_sm1_acc_float_tile_k_count_4_gemm_807_0
0.1,45888,10,4588.8,4496.0,4384,5216,264.4,__myl_Fc_0x29b81c484bab894e4aff665b14f33e17_tensorop64x32_cga1x1_sm1_acc_float_tile_k_count_4_gemm_879_0
0.1,45758,10,4575.8,4607.5,4320,4992,220.1,__myl_Fc_0x29b81c484bab894e4aff665b14f33e17_tensorop64x32_cga1x1_sm1_acc_float_tile_k_count_4_gemm_834_0
0.1,45728,10,4572.8,4416.0,4160,5888,503.1,__myl_Fc_0xc2c16e331f89d521c04bf0c7f6d7cfb9_tensorop128x64_cga1x1_sm1_acc_float_tile_k_count_4_gemm_931_0
0.1,45664,10,4566.4,4256.0,4000,6688,831.0,__myl_Fc_0xc2c16e331f89d521c04bf0c7f6d7cfb9_tensorop128x64_cga1x1_sm1_acc_float_tile_k_count_4_gemm_940_0
0.1,45439,10,4543.9,4528.0,4320,4959,190.0,__myl_Fc_0x29b81c484bab894e4aff665b14f33e17_tensorop64x32_cga1x1_sm1_acc_float_tile_k_count_4_gemm_924_0
0.1,45344,10,4534.4,4544.0,4224,4896,211.2,__myl_Fc_0x29b81c484bab894e4aff665b14f33e17_tensorop64x32_cga1x1_sm1_acc_float_tile_k_count_4_gemm_825_0
0.1,44863,10,4486.3,4448.0,4352,4672,132.9,__myl_Fc_0x29b81c484bab894e4aff665b14f33e17_tensorop64x32_cga1x1_sm1_acc_float_tile_k_count_4_gemm_959_0
0.1,44064,10,4406.4,4240.0,4032,6304,682.8,__myl_Fc_0xc2c16e331f89d521c04bf0c7f6d7cfb9_tensorop128x64_cga1x1_sm1_acc_float_tile_k_count_4_gemm_841_0
0.1,43648,1,43648.0,43648.0,43648,43648,0.0,__myl_CastGathReshMulReshTranReshTranSlicReshSlicReshSlicReshConcCastMulMeanAddSqrtDivMulMulCast_0x30a616e623654523219fd54b7ee853f9_com
0.1,43552,10,4355.2,4224.0,4032,5344,375.7,__myl_Fc_0xc2c16e331f89d521c04bf0c7f6d7cfb9_tensorop128x64_cga1x1_sm1_acc_float_tile_k_count_4_gemm_949_0
0.1,43392,10,4339.2,4256.0,4160,5248,324.0,__myl_Fc_0xc2c16e331f89d521c04bf0c7f6d7cfb9_tensorop128x64_cga1x1_sm1_acc_float_tile_k_count_4_gemm_859_0
0.1,43136,10,4313.6,4144.0,3968,5440,438.2,__myl_Fc_0xc2c16e331f89d521c04bf0c7f6d7cfb9_tensorop128x64_cga1x1_sm1_acc_float_tile_k_count_4_gemm_850_0
0.1,42912,10,4291.2,4208.0,4064,5120,303.4,__myl_Fc_0xc2c16e331f89d521c04bf0c7f6d7cfb9_tensorop128x64_cga1x1_sm1_acc_float_tile_k_count_4_gemm_895_0
0.1,42720,10,4272.0,4240.0,4032,5024,291.4,__myl_Fc_0xc2c16e331f89d521c04bf0c7f6d7cfb9_tensorop128x64_cga1x1_sm1_acc_float_tile_k_count_4_gemm_823_0
0.1,42720,10,4272.0,4288.0,4096,4448,104.8,__myl_Fc_0xc2c16e331f89d521c04bf0c7f6d7cfb9_tensorop128x64_cga1x1_sm1_acc_float_tile_k_count_4_gemm_913_0
0.1,42560,10,4256.0,4224.0,4064,4608,148.6,__myl_Fc_0xc2c16e331f89d521c04bf0c7f6d7cfb9_tensorop128x64_cga1x1_sm1_acc_float_tile_k_count_4_gemm_868_0
0.1,42368,10,4236.8,4208.0,4032,4544,156.9,__myl_Fc_0xc2c16e331f89d521c04bf0c7f6d7cfb9_tensorop128x64_cga1x1_sm1_acc_float_tile_k_count_4_gemm_877_0
0.1,42272,10,4227.2,4224.0,4064,4384,105.0,__myl_Fc_0xc2c16e331f89d521c04bf0c7f6d7cfb9_tensorop128x64_cga1x1_sm1_acc_float_tile_k_count_4_gemm_922_0
0.1,42240,10,4224.0,4256.0,4032,4384,120.7,__myl_Fc_0xc2c16e331f89d521c04bf0c7f6d7cfb9_tensorop128x64_cga1x1_sm1_acc_float_tile_k_count_4_gemm_958_0
0.1,41792,10,4179.2,4192.0,4032,4288,88.2,__myl_Fc_0xc2c16e331f89d521c04bf0c7f6d7cfb9_tensorop128x64_cga1x1_sm1_acc_float_tile_k_count_4_gemm_832_0
0.1,41760,10,4176.0,4192.0,4032,4384,125.5,__myl_Fc_0xc2c16e331f89d521c04bf0c7f6d7cfb9_tensorop128x64_cga1x1_sm1_acc_float_tile_k_count_4_gemm_904_0
0.1,38592,10,3859.2,3808.0,3776,4064,99.1,__myl_Fc_0x43bff7cd1d373e36c932800a3a4b6c27_tensorop128x32_cga1x1_sm1_acc_float_tile_k_count_4_gemm_962_0
0.1,34688,1,34688.0,34688.0,34688,34688,0.0,__myl_AddCastMulMeanAddSqrtDivMulMulCastReshDyna_cuda_tile_0x7ba0c1f39cb802b4a518d4242f9b7236
0.1,33088,1,33088.0,33088.0,33088,33088,0.0,__myl_AddCastMulMeanAddSqrtDivMulMulCastReshDyna_cuda_tile_0x9e456e034ebb30e9c01e9a5008199ee5
0.1,32736,1,32736.0,32736.0,32736,32736,0.0,__myl_AddCastMulMeanAddSqrtDivMulMulCastReshDyna_cuda_tile_0xe7a572a78dbe2c301dbd75c1be2a82dc
0.1,31840,9,3537.8,3488.0,3328,3872,161.7,__myl_Fc_0x664583e02eaa04d3f30bf77af41a7344_tensorop64x64_cga1x1_sm1_acc_float_tile_k_count_4_gemm_963_0
0.1,31264,1,31264.0,31264.0,31264,31264,0.0,__myl_AddCastMulMeanAddSqrtDivMulMulCastReshDyna_cuda_tile_0x02d3245302eebe80030c00d819d66051
0.1,30848,1,30848.0,30848.0,30848,30848,0.0,__myl_AddCastMulMeanAddSqrtDivMulMulCastReshDyna_cuda_tile_0x2980556b428dcd31a30d9c7204584c07
0.1,30240,1,30240.0,30240.0,30240,30240,0.0,__myl_Fc_0x4b81d33bc0d8b3e1282028fca8078357_tensorop256x256_cga2x2_sm2_acc_float_tile_k_count_4_gemm_869_0
0.1,29792,1,29792.0,29792.0,29792,29792,0.0,__myl_AddCastMulMeanAddSqrtDivMulMulCastReshDyna_cuda_tile_0x83ffd1a307bd7dfd16612267a88e21c6
0.1,29760,1,29760.0,29760.0,29760,29760,0.0,__myl_AddCastMulMeanAddSqrtDivMulMulCastReshDyna_cuda_tile_0xd3f90ad418430d5ef271aa822a46d82c
0.1,29728,1,29728.0,29728.0,29728,29728,0.0,__myl_AddCastMulMeanAddSqrtDivMulMulCastReshDyna_cuda_tile_0xbd749301c59e679c2a78dd613cdc9653
0.1,29440,1,29440.0,29440.0,29440,29440,0.0,__myl_AddCastMulMeanAddSqrtDivMulMulCastReshDyna_cuda_tile_0xc52bcf856b62ed26b37b6e5444f50077
0.1,29312,1,29312.0,29312.0,29312,29312,0.0,__myl_AddCastMulMeanAddSqrtDivMulMulCastReshDyna_cuda_tile_0x8b996795a624a08c5f09905555d3654d
0.1,29280,1,29280.0,29280.0,29280,29280,0.0,__myl_AddCastMulMeanAddSqrtDivMulMulCastReshDyna_cuda_tile_0x1dbe22861ee355cbfd3944c44301bb2c
0.1,29184,1,29184.0,29184.0,29184,29184,0.0,__myl_AddCastMulMeanAddSqrtDivMulMulCastReshDyna_cuda_tile_0x7f6fb84451b0ae699a9d9c41e083852a
0.1,29152,1,29152.0,29152.0,29152,29152,0.0,__myl_AddCastMulMeanAddSqrtDivMulMulCastReshDyna_cuda_tile_0xc7e083b9e1499819976832fb2f552441
0.1,29120,1,29120.0,29120.0,29120,29120,0.0,__myl_AddCastMulMeanAddSqrtDivMulMulCastReshDyna_cuda_tile_0xb1e79cd90e800e7afa2302c0e0d1758e
0.1,28640,1,28640.0,28640.0,28640,28640,0.0,__myl_AddCastMulMeanAddSqrtDivMulMulCastReshDyna_cuda_tile_0x9995f93deb1eba84c83bcc210485e94c
0.1,28544,1,28544.0,28544.0,28544,28544,0.0,__myl_AddCastMulMeanAddSqrtDivMulMulCastReshDyna_cuda_tile_0x842b327cb5b4b7430d8812471570bf19
0.1,28160,1,28160.0,28160.0,28160,28160,0.0,__myl_AddCastMulMeanAddSqrtDivMulMulCastReshDyna_cuda_tile_0x3348a1c2147ef5e7be53761a3a72858a
0.1,28160,1,28160.0,28160.0,28160,28160,0.0,__myl_AddCastMulMeanAddSqrtDivMulMulCastReshDyna_cuda_tile_0xbab71fc62d94fb2d2f00e2344ba1b7fd
0.1,28000,1,28000.0,28000.0,28000,28000,0.0,__myl_AddCastMulMeanAddSqrtDivMulMulCastReshDyna_cuda_tile_0x0c4fa4a3c47c3a936f0ba74b98411b74
0.1,28000,1,28000.0,28000.0,28000,28000,0.0,__myl_AddCastMulMeanAddSqrtDivMulMulCastReshDyna_cuda_tile_0xd96c716844b72d8accca256c7071e9a1
0.1,27840,1,27840.0,27840.0,27840,27840,0.0,__myl_AddCastMulMeanAddSqrtDivMulMulCastReshDyna_cuda_tile_0x757abf280509d3cac486e22974f54b48
0.1,27808,9,3089.8,3008.0,2944,3360,145.9,__myl_ConcSinCosCastReshCastReshSlicReshSlicNegSlicConcMulMulAddTranSlicReshTranSlicNegSlicConcEtc_0x30a0393371d87a282e3f35eeb8e824d7_com
0.1,27104,1,27104.0,27104.0,27104,27104,0.0,__myl_AddCastMulMeanAddSqrtDivMulMulCastReshDyna_cuda_tile_0xc0103382d5811cdbcb5ab717adb213db
0.1,26784,1,26784.0,26784.0,26784,26784,0.0,__myl_AddCastMulMeanAddSqrtDivMulMulCastReshDyna_cuda_tile_0x64c869429af86910cc8148e69f103dda
0.1,26656,1,26656.0,26656.0,26656,26656,0.0,__myl_Fc_0x4b81d33bc0d8b3e1282028fca8078357_tensorop256x256_cga2x2_sm2_acc_float_tile_k_count_4_gemm_932_0
0.1,26432,1,26432.0,26432.0,26432,26432,0.0,__myl_AddCastMulMeanAddSqrtDivMulMulCastReshDyna_cuda_tile_0x96802d7478cc6d09766633199a6b0054
0.1,26400,13,2030.8,2016.0,1920,2240,92.9,"void at::native::<unnamed>::CatArrayBatchedCopy_contig<at::native::<unnamed>::OpaqueType<(unsigned int)1>, unsigned int, (int)2, (int)128, (int)1>(T1 *, at::native::<unnamed>::CatArrInputTensorMetadata<T1, T2, T4, T5>, at::native::<unnamed>::TensorSizeStride<T2, (unsigned int)4>, int, T2)"
0.1,26208,1,26208.0,26208.0,26208,26208,0.0,__myl_Fc_0x4b81d33bc0d8b3e1282028fca8078357_tensorop256x256_cga2x2_sm2_acc_float_tile_k_count_4_gemm_860_0
0.1,26176,1,26176.0,26176.0,26176,26176,0.0,__myl_AddCastMulMeanAddSqrtDivMulMulCastReshDyna_cuda_tile_0x57ab1caa051beb0f0b1a185b5c64c814
0.1,26144,1,26144.0,26144.0,26144,26144,0.0,__myl_Fc_0x4b81d33bc0d8b3e1282028fca8078357_tensorop256x256_cga2x2_sm2_acc_float_tile_k_count_4_gemm_892_0
0.1,26080,1,26080.0,26080.0,26080,26080,0.0,__myl_AddCastMulMeanAddSqrtDivMulMulCastReshDyna_cuda_tile_0x19013545bc26d5fbd72a44d40e528bf9
0.1,25632,1,25632.0,25632.0,25632,25632,0.0,__myl_Fc_0x4b81d33bc0d8b3e1282028fca8078357_tensorop256x256_cga2x2_sm2_acc_float_tile_k_count_4_gemm_923_0
0.0,25504,1,25504.0,25504.0,25504,25504,0.0,__myl_Fc_0x4b81d33bc0d8b3e1282028fca8078357_tensorop256x256_cga2x2_sm2_acc_float_tile_k_count_4_gemm_815_0
0.0,25472,1,25472.0,25472.0,25472,25472,0.0,__myl_Fc_0x4b81d33bc0d8b3e1282028fca8078357_tensorop256x256_cga2x2_sm2_acc_float_tile_k_count_4_gemm_955_0
0.0,25408,1,25408.0,25408.0,25408,25408,0.0,__myl_Fc_0x4b81d33bc0d8b3e1282028fca8078357_tensorop256x256_cga2x2_sm2_acc_float_tile_k_count_4_gemm_833_0
0.0,25248,1,25248.0,25248.0,25248,25248,0.0,__myl_Fc_0x4b81d33bc0d8b3e1282028fca8078357_tensorop256x256_cga2x2_sm2_acc_float_tile_k_count_4_gemm_883_0
0.0,25184,1,25184.0,25184.0,25184,25184,0.0,__myl_Fc_0x4b81d33bc0d8b3e1282028fca8078357_tensorop256x256_cga2x2_sm2_acc_float_tile_k_count_4_gemm_824_0
0.0,25184,1,25184.0,25184.0,25184,25184,0.0,__myl_Fc_0x4b81d33bc0d8b3e1282028fca8078357_tensorop256x256_cga2x2_sm2_acc_float_tile_k_count_4_gemm_851_0
0.0,25184,1,25184.0,25184.0,25184,25184,0.0,__myl_Fc_0x4b81d33bc0d8b3e1282028fca8078357_tensorop256x256_cga2x2_sm2_acc_float_tile_k_count_4_gemm_874_0
0.0,24992,1,24992.0,24992.0,24992,24992,0.0,__myl_AddCastMulMeanAddSqrtDivMulMulCastReshDyna_cuda_tile_0x481cdb07e840e83cb51bfd82355bc774
0.0,24960,1,24960.0,24960.0,24960,24960,0.0,__myl_AddCastMulMeanAddSqrtDivMulMulCastReshDyna_cuda_tile_0xdff1b79e82424c39de5cd16053645597
0.0,24864,1,24864.0,24864.0,24864,24864,0.0,__myl_AddCastMulMeanAddSqrtDivMulMulCastReshDyna_cuda_tile_0x4a5c4acf9bb5a913b7afa4be2cd199c9
0.0,24864,1,24864.0,24864.0,24864,24864,0.0,__myl_AddCastMulMeanAddSqrtDivMulMulCastReshDyna_cuda_tile_0xffaaffb821a5410de4e7dc61a6713922
0.0,24832,1,24832.0,24832.0,24832,24832,0.0,__myl_AddCastMulMeanAddSqrtDivMulMulCastReshDyna_cuda_tile_0xe5e7ab4852235ec5fee2a52ad74780f1
0.0,24832,1,24832.0,24832.0,24832,24832,0.0,__myl_Fc_0x4b81d33bc0d8b3e1282028fca8078357_tensorop256x256_cga2x2_sm2_acc_float_tile_k_count_4_gemm_842_0
0.0,24832,1,24832.0,24832.0,24832,24832,0.0,__myl_Fc_0x4b81d33bc0d8b3e1282028fca8078357_tensorop256x256_cga2x2_sm2_acc_float_tile_k_count_4_gemm_910_0
0.0,24800,1,24800.0,24800.0,24800,24800,0.0,__myl_AddCastMulMeanAddSqrtDivMulMulCastReshDyna_cuda_tile_0x3b1f54999d2829fa1e9c9768de4ca27d
0.0,24576,1,24576.0,24576.0,24576,24576,0.0,__myl_Fc_0x4b81d33bc0d8b3e1282028fca8078357_tensorop256x256_cga2x2_sm2_acc_float_tile_k_count_4_gemm_914_0
0.0,24224,1,24224.0,24224.0,24224,24224,0.0,__myl_Fc_0x4b81d33bc0d8b3e1282028fca8078357_tensorop256x256_cga2x2_sm2_acc_float_tile_k_count_4_gemm_805_0
0.0,24224,1,24224.0,24224.0,24224,24224,0.0,__myl_Fc_0x4b81d33bc0d8b3e1282028fca8078357_tensorop256x256_cga2x2_sm2_acc_float_tile_k_count_4_gemm_901_0
0.0,23616,1,23616.0,23616.0,23616,23616,0.0,__myl_AddReshCastMulMeanAddSqrtDivMulMulCastReshDyna_cuda_tile_0x7c60787a91efba6f8fbe3feb0da2da2b
0.0,23456,13,1804.3,1792.0,1664,2048,85.2,"void at::native::<unnamed>::distribution_elementwise_grid_stride_kernel<float, (int)4, void at::native::templates::cuda::normal_and_transform<c10::Half, float, at::CUDAGeneratorImpl *, void at::native::templates::cuda::normal_kernel<at::CUDAGeneratorImpl *>(const at::TensorBase &, double, double, T1)::[lambda() (instance 1)]::operator ()() const::[lambda() (instance 3)]::operator ()() const::[lambda(float) (instance 1)]>(at::TensorIteratorBase &, T3, T4)::[lambda(curandStatePhilox4_32_10 *) (instance 2)], void at::native::<unnamed>::distribution_nullary_kernel<c10::Half, float, float4, at::CUDAGeneratorImpl *, void at::native::templates::cuda::normal_and_transform<c10::Half, float, at::CUDAGeneratorImpl *, void at::native::templates::cuda::normal_kernel<at::CUDAGeneratorImpl *>(const at::TensorBase &, double, double, T1)::[lambda() (instance 1)]::operator ()() const::[lambda() (instance 3)]::operator ()() const::[lambda(float) (instance 1)]>(at::TensorIteratorBase &, T3, T4)::[lambda(curandStatePhilox4_32_10 *) (instance 2)], void at::native::templates::cuda::normal_kernel<at::CUDAGeneratorImpl *>(const at::TensorBase &, double, double, T1)::[lambda() (instance 1)]::operator ()() const::[lambda() (instance 3)]::operator ()() const::[lambda(float) (instance 1)]>(at::TensorIteratorBase &, T4, const T5 &, T6)::[lambda(int, float) (instance 1)]>(long, at::PhiloxCudaState, T3, T4)"
0.0,23424,10,2342.4,2272.0,2080,2976,264.2,__myl_AddCastMulMeanAddSqrtDivMulMulAddCastMulCast_0x8cf167d2d5696534fd1ae404f02e2fcd_com_vec
0.0,22880,1,22880.0,22880.0,22880,22880,0.0,__myl_Fc_0x4b81d33bc0d8b3e1282028fca8078357_tensorop256x256_cga2x2_sm2_acc_float_tile_k_count_4_gemm_905_0
0.0,22720,13,1747.7,1632.0,1600,2464,236.4,"void at::native::unrolled_elementwise_kernel<at::native::direct_copy_kernel_cuda(at::TensorIteratorBase &)::[lambda() (instance 3)]::operator ()() const::[lambda() (instance 10)]::operator ()() const::[lambda(c10::Half) (instance 1)], std::array<char *, (unsigned long)2>, (int)4, TrivialOffsetCalculator<(int)1, unsigned int>, TrivialOffsetCalculator<(int)1, unsigned int>, at::native::memory::LoadWithCast<(int)1>, at::native::memory::StoreWithCast<(int)1>>(int, T1, T2, T4, T5, T6, T7)"
0.0,22688,1,22688.0,22688.0,22688,22688,0.0,__myl_Fc_0x4b81d33bc0d8b3e1282028fca8078357_tensorop256x256_cga2x2_sm2_acc_float_tile_k_count_4_gemm_946_0
0.0,22432,1,22432.0,22432.0,22432,22432,0.0,__myl_AddCastMulMeanAddSqrtDivMulMulCastReshDyna_cuda_tile_0x4b92cb97840c544d433679392f5ce8f3
0.0,22272,1,22272.0,22272.0,22272,22272,0.0,__myl_AddSqrtDivMulCastMulAddMulCastReshTran_0x4469ac6c6e76be2e1b25e8980e3872c3_com_vec
0.0,22208,1,22208.0,22208.0,22208,22208,0.0,__myl_Dyna_0x534191d85ed71074cb23939dccc2f170_com_vec
0.0,21952,10,2195.2,2224.0,2016,2432,129.1,__myl_CastMulMeanAddSqrtDivMulMulAddCastMulCast_0xe902d2c0bff66f7a1221269329cdba21_com_vec
0.0,21664,1,21664.0,21664.0,21664,21664,0.0,__myl_Fc_0x4b81d33bc0d8b3e1282028fca8078357_tensorop256x256_cga2x2_sm2_acc_float_tile_k_count_4_gemm_941_0
0.0,21440,1,21440.0,21440.0,21440,21440,0.0,__myl_Fc_0x4b81d33bc0d8b3e1282028fca8078357_tensorop256x256_cga2x2_sm2_acc_float_tile_k_count_4_gemm_896_0
0.0,21408,1,21408.0,21408.0,21408,21408,0.0,__myl_Fc_0x4b81d33bc0d8b3e1282028fca8078357_tensorop256x256_cga2x2_sm2_acc_float_tile_k_count_4_gemm_856_0
0.0,21376,1,21376.0,21376.0,21376,21376,0.0,__myl_Fc_0x4b81d33bc0d8b3e1282028fca8078357_tensorop256x256_cga2x2_sm2_acc_float_tile_k_count_4_gemm_865_0
0.0,20960,1,20960.0,20960.0,20960,20960,0.0,__myl_Fc_0x4b81d33bc0d8b3e1282028fca8078357_tensorop256x256_cga2x2_sm2_acc_float_tile_k_count_4_gemm_829_0
0.0,20544,1,20544.0,20544.0,20544,20544,0.0,__myl_Fc_0x4b81d33bc0d8b3e1282028fca8078357_tensorop256x256_cga2x2_sm2_acc_float_tile_k_count_4_gemm_838_0
0.0,20480,1,20480.0,20480.0,20480,20480,0.0,__myl_Fc_0x4b81d33bc0d8b3e1282028fca8078357_tensorop256x256_cga2x2_sm2_acc_float_tile_k_count_4_gemm_878_0
0.0,20384,1,20384.0,20384.0,20384,20384,0.0,__myl_Fc_0x4b81d33bc0d8b3e1282028fca8078357_tensorop256x256_cga2x2_sm2_acc_float_tile_k_count_4_gemm_808_0
0.0,20384,1,20384.0,20384.0,20384,20384,0.0,__myl_Fc_0x4b81d33bc0d8b3e1282028fca8078357_tensorop256x256_cga2x2_sm2_acc_float_tile_k_count_4_gemm_887_0
0.0,19936,1,19936.0,19936.0,19936,19936,0.0,__myl_Fc_0x4b81d33bc0d8b3e1282028fca8078357_tensorop256x256_cga2x2_sm2_acc_float_tile_k_count_4_gemm_847_0
0.0,19680,1,19680.0,19680.0,19680,19680,0.0,__myl_Fc_0x4b81d33bc0d8b3e1282028fca8078357_tensorop256x256_cga2x2_sm2_acc_float_tile_k_count_4_gemm_950_0
0.0,19648,1,19648.0,19648.0,19648,19648,0.0,__myl_Fc_0x4b81d33bc0d8b3e1282028fca8078357_tensorop256x256_cga2x2_sm2_acc_float_tile_k_count_4_gemm_820_0
0.0,19200,1,19200.0,19200.0,19200,19200,0.0,__myl_Fc_0x9d120c2bcddb8b99aeb115bb45f593a1_tensorop256x256_cga2x2_sm2_acc_float_tile_k_count_4_gemm_802_0
0.0,18944,1,18944.0,18944.0,18944,18944,0.0,__myl_Fc_0x4b81d33bc0d8b3e1282028fca8078357_tensorop256x256_cga2x2_sm2_acc_float_tile_k_count_4_gemm_937_0
0.0,18912,1,18912.0,18912.0,18912,18912,0.0,__myl_Fc_0x4b81d33bc0d8b3e1282028fca8078357_tensorop256x256_cga2x2_sm2_acc_float_tile_k_count_4_gemm_928_0
0.0,18848,1,18848.0,18848.0,18848,18848,0.0,__myl_Fc_0x4b81d33bc0d8b3e1282028fca8078357_tensorop256x256_cga2x2_sm2_acc_float_tile_k_count_4_gemm_919_0
0.0,18848,1,18848.0,18848.0,18848,18848,0.0,__myl_ReshTranGathAddReshCastMeanSubMulMean_0xbb9a7b925b81370ebbd8a38128fd3355_com
0.0,17856,1,17856.0,17856.0,17856,17856,0.0,__myl_Fc_0x2b35410bd5d0b2d32f9edfdafb05e9c6_tensorop256x128_cga2x2_sm2_acc_float_tile_k_count_4_gemm_866_0
0.0,16768,1,16768.0,16768.0,16768,16768,0.0,__myl_Fc_0x2b35410bd5d0b2d32f9edfdafb05e9c6_tensorop256x128_cga2x2_sm2_acc_float_tile_k_count_4_gemm_893_0
0.0,14176,11,1288.7,1056.0,1024,2272,435.7,__myl_Repl_0x19d4a03f8326ca5433e8c1b0bd08e8b5_com
0.0,14144,13,1088.0,1088.0,992,1216,48.9,"void at::native::vectorized_elementwise_kernel<(int)2, at::native::FillFunctor<long>, std::array<char *, (unsigned long)1>>(int, T2, T3)"
0.0,13120,1,13120.0,13120.0,13120,13120,0.0,__myl_Dyna_0x45cc6b1fc7b328a26578bd7231c4d9d0_com_vec
0.0,13088,1,13088.0,13088.0,13088,13088,0.0,__myl_Dyna_0x001783f2a077e4c10f88f5ecc704fc89_com_vec
0.0,13056,1,13056.0,13056.0,13056,13056,0.0,__myl_Dyna_0xb2ca308b6a5f6f81b7caac25f49ada98_com_vec
0.0,12928,1,12928.0,12928.0,12928,12928,0.0,__myl_Dyna_0x21c25801fee60916136372e9ea5ef0f5_com_vec
0.0,12896,1,12896.0,12896.0,12896,12896,0.0,__myl_Dyna_0x023b60c5487813664d1c9d5f6145c4ed_com_vec
0.0,12896,1,12896.0,12896.0,12896,12896,0.0,__myl_Dyna_0x2138366907ca4588bbcfb8b2c6d970d9_com_vec
0.0,12896,1,12896.0,12896.0,12896,12896,0.0,__myl_Dyna_0x3ab1253b26625661a37664b82df1ac13_com_vec
0.0,12896,1,12896.0,12896.0,12896,12896,0.0,__myl_Dyna_0x5c695a38107aac1ee5878d964db67394_com_vec
0.0,12864,1,12864.0,12864.0,12864,12864,0.0,__myl_Dyna_0x3d62d0126c75a5d9d21c01772b4c56b6_com_vec
0.0,12864,1,12864.0,12864.0,12864,12864,0.0,__myl_Dyna_0xe55fbcc9fd2399556478bec0406e3c9e_com_vec
0.0,12832,1,12832.0,12832.0,12832,12832,0.0,__myl_Dyna_0x3434890ad4d7ee03550dbbe731e109d4_com_vec
0.0,12832,1,12832.0,12832.0,12832,12832,0.0,__myl_Dyna_0x593894977d65a2fe1c13ff39abc555d5_com_vec
0.0,12832,1,12832.0,12832.0,12832,12832,0.0,__myl_Dyna_0x80519cadef80d2724fe6c45ffc8da3d9_com_vec
0.0,12736,1,12736.0,12736.0,12736,12736,0.0,__myl_TranSlicSlicSlicConcReplConc_0xc92f64cfeb259301e20671147a986316_com
0.0,12672,1,12672.0,12672.0,12672,12672,0.0,__myl_Dyna_0x05d620b7d3545c96f28ceb03de20d46d_com_vec
0.0,12640,1,12640.0,12640.0,12640,12640,0.0,__myl_Dyna_0x77bfc52900cbf4834a5e85b556cdabd5_com_vec
0.0,12608,1,12608.0,12608.0,12608,12608,0.0,__myl_Dyna_0x4ab6672723849ddb5051cc56eab31910_com_vec
0.0,12608,1,12608.0,12608.0,12608,12608,0.0,__myl_Dyna_0xbc5eb26f7f7c5fdb297637b1b7c876f7_com_vec
0.0,12064,8,1508.0,1472.0,1408,1728,117.8,__myl_MulAddMulCast_0xe31f31abac6490e99f0243c503151adc_com
0.0,11840,1,11840.0,11840.0,11840,11840,0.0,__myl_ReshTranReshAddCastMeanSubMulMeanAddSqrtDivMulCastMulAddMulCast_0xc931e667b8fd1dc27b0c8394af61f11e_com_vec
0.0,11456,1,11456.0,11456.0,11456,11456,0.0,__myl_AddCastMeanSubMulMeanAddSqrtDivMulCastMulAddMulCast_0x4869fade8052e92bcd2c035902f084d8_com_vec
0.0,11328,1,11328.0,11328.0,11328,11328,0.0,__myl_Fc_0x2b35410bd5d0b2d32f9edfdafb05e9c6_tensorop256x128_cga2x2_sm2_acc_float_tile_k_count_4_gemm_920_0
0.0,11264,1,11264.0,11264.0,11264,11264,0.0,__myl_Fc_0x2b35410bd5d0b2d32f9edfdafb05e9c6_tensorop256x128_cga2x2_sm2_acc_float_tile_k_count_4_gemm_947_0
0.0,10688,1,10688.0,10688.0,10688,10688,0.0,__myl_Fc_0x2b35410bd5d0b2d32f9edfdafb05e9c6_tensorop256x128_cga2x2_sm2_acc_float_tile_k_count_4_gemm_948_0
0.0,10592,1,10592.0,10592.0,10592,10592,0.0,__myl_Fc_0x2b35410bd5d0b2d32f9edfdafb05e9c6_tensorop256x128_cga2x2_sm2_acc_float_tile_k_count_4_gemm_884_0
0.0,10368,1,10368.0,10368.0,10368,10368,0.0,__myl_Fc_0x2b35410bd5d0b2d32f9edfdafb05e9c6_tensorop256x128_cga2x2_sm2_acc_float_tile_k_count_4_gemm_875_0
0.0,10368,1,10368.0,10368.0,10368,10368,0.0,__myl_Fc_0x2b35410bd5d0b2d32f9edfdafb05e9c6_tensorop256x128_cga2x2_sm2_acc_float_tile_k_count_4_gemm_939_0
0.0,10304,1,10304.0,10304.0,10304,10304,0.0,__myl_Fc_0x2b35410bd5d0b2d32f9edfdafb05e9c6_tensorop256x128_cga2x2_sm2_acc_float_tile_k_count_4_gemm_821_0
0.0,10176,1,10176.0,10176.0,10176,10176,0.0,__myl_Fc_0x2b35410bd5d0b2d32f9edfdafb05e9c6_tensorop256x128_cga2x2_sm2_acc_float_tile_k_count_4_gemm_858_0
0.0,10144,1,10144.0,10144.0,10144,10144,0.0,__myl_Fc_0x2b35410bd5d0b2d32f9edfdafb05e9c6_tensorop256x128_cga2x2_sm2_acc_float_tile_k_count_4_gemm_938_0
0.0,10080,1,10080.0,10080.0,10080,10080,0.0,__myl_Fc_0x2b35410bd5d0b2d32f9edfdafb05e9c6_tensorop256x128_cga2x2_sm2_acc_float_tile_k_count_4_gemm_894_0
0.0,10016,1,10016.0,10016.0,10016,10016,0.0,__myl_Fc_0x2b35410bd5d0b2d32f9edfdafb05e9c6_tensorop256x128_cga2x2_sm2_acc_float_tile_k_count_4_gemm_902_0
0.0,9952,1,9952.0,9952.0,9952,9952,0.0,__myl_Fc_0x2b35410bd5d0b2d32f9edfdafb05e9c6_tensorop256x128_cga2x2_sm2_acc_float_tile_k_count_4_gemm_803_0
0.0,9792,1,9792.0,9792.0,9792,9792,0.0,__myl_Fc_0x2b35410bd5d0b2d32f9edfdafb05e9c6_tensorop256x128_cga2x2_sm2_acc_float_tile_k_count_4_gemm_857_0
0.0,9728,1,9728.0,9728.0,9728,9728,0.0,__myl_Fc_0x2b35410bd5d0b2d32f9edfdafb05e9c6_tensorop256x128_cga2x2_sm2_acc_float_tile_k_count_4_gemm_930_0
0.0,9664,1,9664.0,9664.0,9664,9664,0.0,__myl_Fc_0x2b35410bd5d0b2d32f9edfdafb05e9c6_tensorop256x128_cga2x2_sm2_acc_float_tile_k_count_4_gemm_903_0
0.0,9440,1,9440.0,9440.0,9440,9440,0.0,__myl_Fc_0x2b35410bd5d0b2d32f9edfdafb05e9c6_tensorop256x128_cga2x2_sm2_acc_float_tile_k_count_4_gemm_813_0
0.0,9440,1,9440.0,9440.0,9440,9440,0.0,__myl_Fc_0x2b35410bd5d0b2d32f9edfdafb05e9c6_tensorop256x128_cga2x2_sm2_acc_float_tile_k_count_4_gemm_929_0
0.0,9408,1,9408.0,9408.0,9408,9408,0.0,__myl_Fc_0x2b35410bd5d0b2d32f9edfdafb05e9c6_tensorop256x128_cga2x2_sm2_acc_float_tile_k_count_4_gemm_885_0
0.0,9408,1,9408.0,9408.0,9408,9408,0.0,__myl_Fc_0x2b35410bd5d0b2d32f9edfdafb05e9c6_tensorop256x128_cga2x2_sm2_acc_float_tile_k_count_4_gemm_912_0
0.0,9376,1,9376.0,9376.0,9376,9376,0.0,__myl_Fc_0x2b35410bd5d0b2d32f9edfdafb05e9c6_tensorop256x128_cga2x2_sm2_acc_float_tile_k_count_4_gemm_921_0
0.0,9024,1,9024.0,9024.0,9024,9024,0.0,__myl_Fc_0x2b35410bd5d0b2d32f9edfdafb05e9c6_tensorop256x128_cga2x2_sm2_acc_float_tile_k_count_4_gemm_839_0
0.0,9024,1,9024.0,9024.0,9024,9024,0.0,__myl_Fc_0x2b35410bd5d0b2d32f9edfdafb05e9c6_tensorop256x128_cga2x2_sm2_acc_float_tile_k_count_4_gemm_849_0
0.0,9024,1,9024.0,9024.0,9024,9024,0.0,__myl_Fc_0x2b35410bd5d0b2d32f9edfdafb05e9c6_tensorop256x128_cga2x2_sm2_acc_float_tile_k_count_4_gemm_911_0
0.0,8960,1,8960.0,8960.0,8960,8960,0.0,__myl_Fc_0x2b35410bd5d0b2d32f9edfdafb05e9c6_tensorop256x128_cga2x2_sm2_acc_float_tile_k_count_4_gemm_840_0
0.0,8896,1,8896.0,8896.0,8896,8896,0.0,__myl_Fc_0x2b35410bd5d0b2d32f9edfdafb05e9c6_tensorop256x128_cga2x2_sm2_acc_float_tile_k_count_4_gemm_876_0
0.0,8896,1,8896.0,8896.0,8896,8896,0.0,__myl_Fc_0x2b35410bd5d0b2d32f9edfdafb05e9c6_tensorop256x128_cga2x2_sm2_acc_float_tile_k_count_4_gemm_956_0
0.0,8671,1,8671.0,8671.0,8671,8671,0.0,__myl_Fc_0x2b35410bd5d0b2d32f9edfdafb05e9c6_tensorop256x128_cga2x2_sm2_acc_float_tile_k_count_4_gemm_867_0
0.0,8608,1,8608.0,8608.0,8608,8608,0.0,__myl_Fc_0x2b35410bd5d0b2d32f9edfdafb05e9c6_tensorop256x128_cga2x2_sm2_acc_float_tile_k_count_4_gemm_848_0
0.0,8544,1,8544.0,8544.0,8544,8544,0.0,__myl_Fc_0x2b35410bd5d0b2d32f9edfdafb05e9c6_tensorop256x128_cga2x2_sm2_acc_float_tile_k_count_4_gemm_812_0
0.0,8544,1,8544.0,8544.0,8544,8544,0.0,__myl_Fc_0x2b35410bd5d0b2d32f9edfdafb05e9c6_tensorop256x128_cga2x2_sm2_acc_float_tile_k_count_4_gemm_830_0
0.0,8512,1,8512.0,8512.0,8512,8512,0.0,__myl_Fc_0x2b35410bd5d0b2d32f9edfdafb05e9c6_tensorop256x128_cga2x2_sm2_acc_float_tile_k_count_4_gemm_804_0
0.0,8256,1,8256.0,8256.0,8256,8256,0.0,__myl_Fc_0x2b35410bd5d0b2d32f9edfdafb05e9c6_tensorop256x128_cga2x2_sm2_acc_float_tile_k_count_4_gemm_822_0
0.0,7904,1,7904.0,7904.0,7904,7904,0.0,__myl_Fc_0x2b35410bd5d0b2d32f9edfdafb05e9c6_tensorop256x128_cga2x2_sm2_acc_float_tile_k_count_4_gemm_831_0
0.0,6304,1,6304.0,6304.0,6304,6304,0.0,__myl_Fc_0x2b35410bd5d0b2d32f9edfdafb05e9c6_tensorop256x128_cga2x2_sm2_acc_float_tile_k_count_4_gemm_957_0
0.0,5184,1,5184.0,5184.0,5184,5184,0.0,__myl_SlicSlicReplSlicSlicReplSlicSlicReplConcCastSumAddReshAddReshCast_0x292c67b7bf97a4f06d4e69bfcd765ccf_com
0.0,4192,1,4192.0,4192.0,4192,4192,0.0,__myl_Fc_0x9264fde1a1eacb20b86f473c6ad6f85d_tensorop128x64_cga1x1_sm1_acc_float_tile_k_count_2_gemm_800_0
0.0,2912,1,2912.0,2912.0,2912,2912,0.0,__myl_ConcSinCosSlicReshSlicNegSlicConcSlicReshTranSlicNegSlicConcCastReshMulMulCastReshMulAddEtc_0x30a0393371d87a282e3f35eeb8e824d7_com
0.0,2848,1,2848.0,2848.0,2848,2848,0.0,__myl_Cums_0x462c4f5b8491f1e5c9c1d1adfa445d32_com
0.0,2848,1,2848.0,2848.0,2848,2848,0.0,__myl_Cums_0x7ba4ff90c44e7263c8b430587072fce3_com
0.0,2208,1,2208.0,2208.0,2208,2208,0.0,__myl_Cums_0x5307d0dd7cd5396cb7df2a807beffa72_com
0.0,2144,1,2144.0,2144.0,2144,2144,0.0,__myl_Cums_0x07b2c626e942ef2ef70d7585cc425370_com
0.0,1792,1,1792.0,1792.0,1792,1792,0.0,__myl_Repl_0x2792e4251ca386b4a8c503b13aa38209_com
0.0,1632,1,1632.0,1632.0,1632,1632,0.0,__myl_ConcMoveMul_0xfeaa26fc17ae745257807d63e1d647bf_com_vec
0.0,1504,1,1504.0,1504.0,1504,1504,0.0,__myl_AddReshCast_0xc5e4e44e7c34f671250c2eb91a60bae8_com
0.0,1472,1,1472.0,1472.0,1472,1472,0.0,__myl_MoveMulCast_0xf9034b946bb9af8e52e9ffca879a2ad4_com
0.0,1472,1,1472.0,1472.0,1472,1472,0.0,__myl_MulReshAddMulCast_0x4d4ab47c9dc5974cca7f892c6a401cd6_com
0.0,1472,1,1472.0,1472.0,1472,1472,0.0,__myl_Repl_0x06829b2dda455e24139edff1f2c9b4f4_com
0.0,1408,1,1408.0,1408.0,1408,1408,0.0,__myl_MulAdd_0x63da8e446b1d6288367d1b81f4ae73e9_com
0.0,1280,1,1280.0,1280.0,1280,1280,0.0,__myl_ReplCastReshReshAndEqlLtOrAndReshSele_0x276ad617889199a764614b942156e203_com
